Topic,Count,Top Keywords,Interpreted Theme
0,1666,"chicken, cook, price, fry, manager, expensive, oil, job, popeyes, never",Food quality and pricing dissatisfaction
1,287,"gross, joke, nasty, worse, terrible, suck, look, happened, dumb, whats",Complaints about food taste
2,50,"trash, bin, recycling, receptacle, garbage, waste, dump, end, sorting, overflowing",Store cleanliness
3,49,"tip, tipping, driver, company, optional, culture, worker, expectation, doesnt, fee",Tips or donation
4,33,"bucket, free, piece, app, distance, building, shown, theyve, group, werent",App issues and availability
5,29,"year, havent, early, since, decline, grader, retired, retire, ghosting, grim",Employee frustration
6,26,"wrong, opinion, mixed, ight, respectfully, politically, spelled, liking, nothing, right",-
7,25,"american, america, country, immigration, pakistan, racist, ist, gypsy, uk, foreign",-
8,21,"never, ever, sometime, myth, recommend, tonight, shut, dude, usually, day",-
9,18,"app, computer, exploitive, advertises, galaxy, install, apple, dogshit, ultra, cctv",App bugs and advertising
10,16,"bite, teeth, grab, mouth, took, biting, bitz, fizzled, ehhh, salivating",Unpleasant textures of Food
11,15,"wtf, thatttt, hahahahahahahahahahaha, ouch, prob, explain, answer, , , ",-
12,14,"wedge, since, rid, dimension, astroturfing, stood, goofball, hourglass, weenie, box",-
13,14,"czech, toilet, hungary, republic, european, europe, turkey, iam, isi, prague","Regional Complaints (Europe, Czech)"
14,13,"chip, takis, bet, ad, yet, cramp, delish, baffling, hj, imagined",-
15,12,"mid, imo, rid, usa, gramps, banging, bcc, soooo, nestle, drag",-
16,12,"breading, bread, pastry, dough, biscuit, enriched, stacked, parchment, vitamin, nighttime",-
17,12,"smaller, coworker, side, change, piece, hc, wholl, stooge, bull, undersized",Portion size
18,11,"downhill, gone, ever, grenada, ct, bristol, catching, kentacohuts, punk, morley",-
19,11,"mold, troll, otherwise, paint, convince, response, night, faux, moronic, newsflashits",Hygiene concerns
20,11,"fatigue, tired, early, innappropriately, recover, sometime, relax, temporary, challenge, focused",Employee problem
21,11,"mean, search, freshman, ftfy, calculate, gyp, etymology, sigma, identifying, proved",-
22,11,"covid, pre, since, doubled, excuse, time, price, fillups, grift, empire",Pricing
23,10,"card, gift, corporate, debit, manager, machine, comped, owner, payment, update",Payment problem
24,10,"box, packaging, heat, tiny, barbie, doll, decanted, halfbox, ramekin, slate",Packaging issues